{
    //user-agent
    "ua": "Mozilla/5.0 (Linux; Android 10; MI 8 UD) AppleWebKit/537.36 (KHTML, like Gecko) Chrome/93.0.4577.14 Mobile Safari/537.36",
    //获取分类和首页推荐的Url
    "homeUrl": "https://www.yhdmp.live/",
    //更新推荐视频节点 xpath
    "homeVodNode": "//div[contains(@class,'img')]/ul/li",
    //更新推荐视频名称 xpath
    "homeVodName": "/a/img/@alt",
    //正则对取到的数据进行二次处理
    "homeVodNameR": "",
    //更新推荐视频id xpath
    "homeVodId": "/a/@href",
    //正则对取到的数据进行二次处理
    "homeVodIdR": "/showp/(\\w+).html",
    //更新推荐视频图片 xpath
    "homeVodImg": "/a/img/@src",
    //正则对取到的数据进行二次处理
    "homeVodImgR": "",
    //更新推荐视频简介 xpath
    "homeVodMark": "/p[2]/a/text()",
    //正则对取到的数据进行二次处理
    "homeVodMarkR": "",
    //筛选
    "filter": {},
    //分类节点 xpath
    "cateNode": "//ul[contains(@class,'nav_row')]/li/a[contains(@href, '.html')]",
    //分类节点名 xpath
    "cateName": "/text()",
    //正则对取到的数据进行二次处理
    "cateNameR":"",
    //分类节点id xpath
    "cateId": "/@href",
    //正则对取到的数据进行二次处理
    "cateIdR": "/list-(\\d+).html",
    //手动指定 分类 如果有则不从homeUrl中获取分类
    "cateManual": {
        "日本动漫": "日本",
        "国产动漫": "中国",
        "欧美": "欧美"
    },
    //分类页地址
    "cateUrl": "https://www.yhdmp.live/list/?region={cateId}&pagesize=24&pageindex={catePg}",
    //分类页地址2
    "cateUrl2":"",
    //分类叶视频节点 xpath
    "cateVodNode": "//div[contains(@class,'lpic')]/ul/li",
    //分类叶视频名称 xpath
    "cateVodName": "/a/img/@alt",
    //正则对取到的数据进行二次处理
    "cateVodNameR":"",
    //分类叶视频视频id xpath
    "cateVodId": "/a/@href",
    //正则对取到的数据进行二次处理
    "cateVodIdR": "/showp/(\\w+).html",
    //分类叶视频视频图片 xpath
    "cateVodImg": "/a/img/@src",
    //正则对取到的数据进行二次处理
    "cateVodImgR": "",
    //分类叶视频视频简介 xpath
    "cateVodMark": "/span/font[contains(@color,'red')]/text()",
    //正则对取到的数据进行二次处理
    "cateVodMarkR":"",
    //搜索页地址
    "searchUrl": "https://www.yhdmp.live/s_all?ex=1&kw={wd}",
    //搜索页视频节点 xpath
    "scVodNode": "//div[contains(@class,'lpic')]/ul/li",
    //搜索页视频名称 xpath
    "scVodName": "/a/img/@alt",
    //正则对取到的数据进行二次处理
    "scVodNameR":"",
    //搜索页视频id xpath
    "scVodId": "/a/@href",
    //正则对取到的数据进行二次处理
    "scVodIdR": "/showp/(\\w+).html",
    //搜索页视频图片 xpath
    "scVodImg": "/a/img/@src",
    //正则对取到的数据进行二次处理
    "scVodImgR":"",
    //搜索页视频简介 xpath
    "scVodMark": "/span/font[contains(@color,'red')]/text()",
    //正则对取到的数据进行二次处理
    "scVodMarkR":"",
    //详情页面
    "dtUrl": "https://www.jubaibai.cc/vod/{vid}.html",
    //详情节点 xpath
    "dtNode": "//body",
    //详情 视频名 xpath
    "dtName": "//div[contains(@class,'stui-content__detail')]/h1/text()",
    //正则对取到的数据进行二次处理
    "dtNameR": "",
    //详情视频图片 xpath
    "dtImg": "//div[contains(@class,'stui-content__thumb')]/a/img/@data-original",
    //正则对取到的数据进行二次处理
    "dtImgR": "\\S+(http\\S+)",
    //详情视频分类 xpath
    "dtCate": "//p[contains(@class,'data')][1]/text()",
    //正则对取到的数据进行二次处理
    "dtCateR": "\\S+：(\\S+)",
    //详情视频年份 xpath
    "dtYear": "//p[contains(@class,'data')][5]/text()",
    //正则对取到的数据进行二次处理
    "dtYearR": "\\S+：(\\S+)",
    //详情视频地区 xpath
    "dtArea": "//p[contains(@class,'data')][3]/text()",
    //正则对取到的数据进行二次处理
    "dtAreaR": "\\S+：(\\S+)",
    //详情视频简介 xpath
    "dtMark": "//p[contains(@class,'data')][8]/span/text()",
    //正则对取到的数据进行二次处理
    "dtMarkR": "",
    //详情导演 xpath
    "dtDirector": "//p[contains(@class,'data')][6]/a/text()",
    //正则对取到的数据进行二次处理
    "dtDirectorR": "\\S+：(\\S+)",
    //详情演员 xpath
    "dtActor": "//p[contains(@class,'data')][7]/a/text()",
    //正则对取到的数据进行二次处理
    "dtActorR": "\\S+：(\\S+)",
    //详情 说明 长  xpath
    "dtDesc": "//span[@class='detail-content']/text()",
    //详情播放来源节点
    "dtFromNode": "//div[@class='stui-vodlist__head']/h3",
    //详情播放来源名称 xpath
    "dtFromName": "/text()",
    //正则对取到的数据进行二次处理
    "dtFromNameR": "",
    //详情播放地址列表节点  xpath
    "dtUrlNode": "//ul[contains(@class,'stui-content__playlist')]",
    //详情播放地址节点  xpath
    "dtUrlSubNode": "/li/a",
    //详情播放地址id  xpath
    "dtUrlId": "/@href",
    //正则对取到的数据进行二次处理
    "dtUrlIdR": "/play/(\\S+).html",
    //详情播放地址名称  xpath
    "dtUrlName": "/text()",
    //正则对取到的数据进行二次处理
    "dtUrlNameR": "",
    //播放列表是否反转显示
    "dtEpiRevers": "false",
    //播放页面url
    "playUrl": "https://www.yhdmp.live/vp/{playUrl}.html",
    //播放解析调用ua
    "playUa": "Mozilla/5.0 (Linux; Android 10; MI 8 UD) AppleWebKit/537.36 (KHTML, like Gecko) Chrome/93.0.4577.14 Mobile Safari/537.36",
    //是否使用手动嗅探
    "ManualSniff": "false",
    //手动嗅探视频链接识别关键词
    "sniffWord": ".m3u8#.mp4#video/tos",
    //手动嗅探视频链接识别过滤词
    "filterWord": "=http#.html"
}