{
    "规则名": "在线之家",
    "规则作者": "香雅情",
    "请求头参数": "PC_UA",
    "网页编码格式": "UTF-8",
    "图片是否需要代理": "0",
    "是否开启获取首页数据": "1",
    "首页推荐链接": "https://zxzj.pro",
    "首页列表数组规则": "body&&.stui-vodlist:has(h4)",
    "首页片单列表数组规则": "li",
    "首页片单是否Jsoup写法": "1",
    "首页片单标题": "h4&&a&&Text",
    "首页片单链接": "h4&&a&&href",
    "首页片单图片": ".lazyload&&data-original",
    "首页片单副标题": ".pic-text&&Text",
    "首页片单链接加前缀": "https://zxzj.pro",
    "首页片单链接加后缀": "",
    "分类起始页码": "1",
    "分类链接": "https://zxzj.pro/vodshow/{cateId}-{area}--{class}-----{catePg}---{year}.html",
    "分类名称": "电影&美剧&韩剧&日剧&泰剧&动漫",
    "分类名称替换词": "1&2&3&4&5&6",
    "筛选数据": "ext",
    "筛选类型名称": "喜剧&爱情&恐怖&动作&科幻&剧情&战争&警匪&犯罪&动画&奇幻&冒险&恐怖&悬疑&惊悚&青春&情色||剧情&喜剧&爱情&动作&悬疑&恐怖&奇幻&惊悚&犯罪&科幻&音乐&其他||剧情&喜剧&爱情&动作&悬疑&恐怖&奇幻&惊悚&犯罪&科幻&音乐&其他||剧情&喜剧&爱情&动作&悬疑&恐怖&奇幻&惊悚&犯罪&科幻&音乐&其他||空||情感&科幻&热血&推理&搞笑&冒险&萝莉&校园&动作&机战&运动&战争&少年&少女&社会&原创&亲子&益智&励志&其他",
    "筛选类型替换词": "*",
    "筛选地区名称": "大陆&香港&台湾&欧美&韩国&日本&泰国&印度&俄罗斯&其他||空||空||空||空||国产&日本&欧美&其他",
    "筛选地区替换词": "*",
    "筛选年份名称": "2022&2021&2020&2019&2018&2017&2016&2015&2014&2013&2012&2011&2010&2009&2008&2007&2006&2005&2004&2003&2002&2001&2000",
    "筛选年份替换词": "*",
    "分类截取模式": "1",
    "分类列表数组规则": ".stui-vodlist&&li",
    "分类片单是否Jsoup写法": "1",
    "分类片单标题": "h4&&a&&Text",
    "分类片单链接": "h4&&a&&href",
    "分类片单图片": ".lazyload&&data-original",
    "分类片单副标题": ".pic-text&&Text",
    "分类片单链接加前缀": "https://zxzj.pro",
    "分类片单链接加后缀": "",
    "搜索请求头参数": "User-Agent$PC_UA",
    "搜索链接": "https://zxzj.pro/vodsearch/-------------.html?wd={wd}&submit=",
    "POST请求数据": "wd={wd}&search=",
    "搜索截取模式": "1",
    "搜索列表数组规则": ".stui-vodlist&&li",
    "搜索片单是否Jsoup写法": "1",
    "搜索片单图片": ".lazyload&&data-original",
    "搜索片单标题": "h4&&a&&Text",
    "搜索片单链接": "h4&&a&&href",
    "搜索片单副标题": ".pic-text&&Text",
    "搜索片单链接加前缀": "https://zxzj.pro",
    "搜索片单链接加后缀": "",
    "链接是否直接播放": "0",
    "直接播放链接加前缀": "https://live.52sf.ga/huya/",
    "直接播放链接加后缀": "#isVideo=true#",
    "直接播放直链视频请求头": "authority$ku.peizq.online#Referer$https://play.peizq.online",
    "详情是否Jsoup写法": "1",
    "类型详情": ".stui-content__detail&&p&&Text",
    "年代详情": "",
    "地区详情": "",
    "演员详情": ".stui-content__detail&&p,1&&Text!主演：",
    "简介详情": ".detail-content&&Text",
    "线路列表数组规则": "body&&.stui-vodlist__head",
    "线路标题": "h3&&Text[不包含:网盘,云盘]",
    "播放列表数组规则": "body&&.stui-content__playlist",
    "选集列表数组规则": "li",
    "选集标题链接是否Jsoup写法": "1",
    "选集标题": "a&&Text",
    "选集链接": "a&&href",
    "是否反转选集序列": "0",
    "选集链接加前缀": "https://zxzj.pro",
    "选集链接加后缀": "",
    "分析MacPlayer": "0",
    "是否开启手动嗅探": "0",
    "手动嗅探视频链接关键词": ".mp4#.m3u8#.flv",
    "手动嗅探视频链接过滤词": ".html#=http"
}