{
  "💂小兵组网盘影视":"https://6vv.app",
  "🐋一只鱼":"https://alist.youte.ml",
  "🌨秋雨分享":"https://share.laowang.me",
  "讯维云盘":"https://pan.xwbeta.com",
  "🐉神族九帝":"https://alist.shenzjd.com",
  "🚆资源小站":"https://pan.142856.xyz",
  "🐭米奇妙妙屋":"https://anime.mqmmw.ga",
  "📀小光盘":"https://alist.xiaoguanxiaocheng.life",
  "☃姬路白雪":"https://pan.jlbx.xyz",
  "💾DISK":"http://124.222.140.243:8080",
  "✨星梦":"https://pan.bashroot.top",
  "💫触光":"https://pan.ichuguang.com"
}
