{
    "title": "电影先生",
    "author": "认真の雪",
    "UserAgent": "User-Agent$PC_UA",
    "SUserAgent": "User-Agent$PC_UA",
    "firstpage": "1",
    "class_url": "https://dyxs29.com/pianku-{cateId}-{area}-{by}-{class}-{lang}----{catePg}---{year}/",
    "class_name": "电视剧&电影&动漫&综艺",
    "class_value": "dianshiju&dianying&dongman&zongyi",
    "filterdata": {},
    "cat_YN_twice": "0",
    "cat_twice_pre": "空",
    "cat_twice_suf": "空",
    "cat_arr_pre": "class=\"module-item",
    "cat_arr_suf": "/div></div>",
    "cat_pic": "data-src=\"&&\"",
    "cat_title": "title=\"&&\"",
    "cat_subtitle": "class=\"module-item-text\">&&<",
    "cat_url": "href=\"&&\"",
    "cat_prefix": "https://dyxs29.com",
    "cat_suffix": "",
    "search_url": "https://dyxs29.com/index.php/ajax/suggest?mid=1&wd={wd}&limit=50",
    "search_mode": "0",
    "jsonpic": "pic",
    "jsonname": "name",
    "jsonid": "id",
    "jsonstitle": "",
    "sea_YN_twice": "0",
    "sea_twice_pre": "空",
    "sea_twice_suf": "空",
    "sea_arr_pre": "",
    "sea_arr_suf": "",
    "sea_pic": "",
    "sea_title": "",
    "sea_url": "",
    "search_prefix": "https://dyxs29.com/show-",
    "search_suffix": "/",
    "sea_subtitle": "",
    "force_play": "0",
    "play_prefix": "",
    "play_suffix": "",
    "play_header": "",
    "proj_actor": "主演：</span>&&class=\"video-info-items",
    "proj_plot": "<meta name=\"description\" content=\"&&\"",
    "tab_YN_twice": "1",
    "tab_twice_pre": "<div class=\"module-tab-items\">",
    "tab_twice_suf": "<div class=\"shortcuts-mobile-overlay",
    "tab_arr_pre": "<span data-dropdown-value=\"",
    "tab_arr_suf": "/span>",
    "tab_title": "\">&&<",
    "list_YN_twice": "0",
    "list_twice_pre": "",
    "list_twice_suf": "",
    "list_arr_pre": "class=\"module-blocklist scroll-box scroll-box-y",
    "list_arr_suf": "</div>",
    "epi_YN_twice": "0",
    "epi_twice_pre": "空",
    "epi_twice_suf": "空",
    "epi_arr_pre": "<a",
    "epi_arr_suf": "/a>",
    "epi_title": "<span itemprop=\"episodeNumber\">&&<",
    "epi_url": "href=\"&&\"",
    "epiurl_prefix": "https://dyxs29.com",
    "epiurl_suffix": "",
    "Anal_MacPlayer": "0",
    "ManualSniffer": "0",
    "VideoFormat": "",
    "VideoFilter": ""
}