{
    "wallpaper": "https://www.dmoe.cc/random.php",
    "spider": "./custom_spider.jar",
    "lives": [
        {
            "group": "自定义",
            "channels": [
                {
                    "name": "live",
                    "urls": [
                        "proxy://do=live&type=txt&ext=clan://XYQTVBox/live.txt"
                    ]
                }
            ]
        }
    ],
    "sites": [
        {
            "key": "csp_LocalFile",
            "name": "💻本地视频",
            "type": 3,
            "api": "csp_LocalFile",
            "searchable": 0,
            "quickSearch": 0,
            "filterable": 0
        },
        {
            "key": "csp_Alist",
            "name": "💾Alist(SP)",
            "type": 3,
            "api": "csp_Alist",
            "searchable": 0,
            "quickSearch": 0,
            "filterable": 0,
            "ext": "./Alist.json"
        },
        {
            "key": "csp_XYQHiker_HDmoli",
            "name": "HDmoli(XYQH)",
            "type": 3,
            "api": "csp_XYQHiker",
            "searchable": 1,
            "quickSearch": 1,
            "filterable": 1,
            "ext": "./XYQHiker/HDmoli.json"
        },
        {
            "key": "csp_XYQHiker_AB影院",
            "name": "AB影院(XYQH)",
            "type": 3,
            "api": "csp_XYQHiker",
            "searchable": 1,
            "quickSearch": 1,
            "filterable": 1,
            "ext": "./XYQHiker/AB影院.json"
        },
        {
            "key": "csp_XYQHiker_鸭奈飞影视",
            "name": "🦆鸭奈飞影视(XYQH)",
            "type": 3,
            "api": "csp_XYQHiker",
            "searchable": 1,
            "quickSearch": 1,
            "filterable": 1,
            "ext": "./XYQHiker/鸭奈飞影视.json"
        },
        {
            "key": "csp_XYQHiker_爱看影视",
            "name": "🪞爱看影视(XYQH)",
            "type": 3,
            "api": "csp_XYQHiker",
            "searchable": 1,
            "quickSearch": 1,
            "filterable": 1,
            "ext": "./XYQHiker/爱看影视.json"
        },
        {
            "key": "csp_XYQHiker_皮皮泡",
            "name": "🎈皮皮泡(XYQH)",
            "type": 3,
            "api": "csp_XYQHiker",
            "searchable": 1,
            "quickSearch": 1,
            "filterable": 1,
            "ext": "./XYQHiker/皮皮泡.json"
        },
        {
            "key": "csp_XYQHiker_追剧达人",
            "name": "🏃🏻追剧达人(XYQH)",
            "type": 3,
            "api": "csp_XYQHiker",
            "searchable": 1,
            "quickSearch": 1,
            "filterable": 1,
            "ext": "./XYQHiker/追剧达人.json"
        },
        {
            "key": "csp_XYQHiker_蓝光影院",
            "name": "蓝光影院(XYQH)",
            "type": 3,
            "api": "csp_XYQHiker",
            "searchable": 1,
            "quickSearch": 1,
            "filterable": 1,
            "ext": "./XYQHiker/蓝光影院.json"
        },
        {
            "key": "csp_XYQHiker_在线之家",
            "name": "在线之家(XYQH)",
            "type": 3,
            "api": "csp_XYQHiker",
            "searchable": 1,
            "quickSearch": 1,
            "filterable": 1,
            "ext": "./XYQHiker/在线之家.json"
        },
        {
            "key": "csp_XYQHiker_农民影视",
            "name": "🧑🏻‍农民影视(XYQH)",
            "type": 3,
            "api": "csp_XYQHiker",
            "searchable": 1,
            "quickSearch": 1,
            "filterable": 1,
            "ext": "./XYQHiker/农民影视.json"
        },
        {
            "key": "csp_XYQHiker_乐猪影视",
            "name": "🐷乐猪影视(XYQH)",
            "type": 3,
            "api": "csp_XYQHiker",
            "searchable": 1,
            "quickSearch": 1,
            "filterable": 1,
            "ext": "./XYQHiker/乐猪TV.json"
        },
        {
            "key": "csp_XYQHiker_布蕾蓝光",
            "name": "布蕾蓝光(XYQH)",
            "type": 3,
            "api": "csp_XYQHiker",
            "searchable": 1,
            "quickSearch": 1,
            "filterable": 1,
            "ext": "./XYQHiker/布蕾蓝光.json"
        },
        {
            "key": "csp_XYQHiker_素白白影视",
            "name": "🧖🏻‍♀️素白白影视(XYQH)",
            "type": 3,
            "api": "csp_XYQHiker",
            "searchable": 1,
            "quickSearch": 1,
            "filterable": 1,
            "ext": "./XYQHiker/素白白影视.json"
        },
        {
            "key": "csp_XYQHiker_厂长影视",
            "name": "🤴🏻厂长影视(XYQH)",
            "type": 3,
            "api": "csp_XYQHiker",
            "searchable": 1,
            "quickSearch": 1,
            "filterable": 1,
            "ext": "./XYQHiker/厂长影视.json"
        },
        {
            "key": "csp_XYQHiker_双十电影",
            "name": "🔟双十电影(XYQH)",
            "type": 3,
            "api": "csp_XYQHiker",
            "searchable": 1,
            "quickSearch": 1,
            "filterable": 1,
            "ext": "./XYQHiker/双十电影.json"
        },
        {
            "key": "csp_XYQHiker_柠檬TV",
            "name": "🍋柠檬TV(XYQH)",
            "type": 3,
            "api": "csp_XYQHiker",
            "searchable": 1,
            "quickSearch": 1,
            "filterable": 1,
            "ext": "./XYQHiker/柠檬TV.json"
        },
        {
            "key": "csp_XYQHiker_无插件直播",
            "name": "🏀无插件直播(XYQH)",
            "type": 3,
            "api": "csp_XYQHiker",
            "searchable": 0,
            "quickSearch": 0,
            "filterable": 0,
            "ext": "./XYQHiker/无插件直播.json"
        },
        {
            "key": "csp_XYQHiker_虎牙直播",
            "name": "🐯虎牙直播(XYQH)",
            "type": 3,
            "api": "csp_XYQHiker",
            "searchable": 1,
            "quickSearch": 0,
            "filterable": 0,
            "ext": "./XYQHiker/虎牙直播.json"
        },
        {
            "key": "csp_XYQBiu_网易CC直播",
            "name": "🕸网易CC直播(XYQ)",
            "type": 3,
            "api": "csp_XYQBiu",
            "searchable": 0,
            "quickSearch": 0,
            "filterable": 0,
            "ext": "./XYQBiu/网易CC直播.json"
        },
        {
            "key": "csp_XYQBiu_310直播",
            "name": "⚽️310直播(XYQ)",
            "type": 3,
            "api": "csp_XYQBiu",
            "searchable": 0,
            "quickSearch": 0,
            "filterable": 0,
            "ext": "./XYQBiu/310直播.json"
        },
        {
            "key": "csp_XYQBiu_抓饭直播",
            "name": "🍥抓饭直播(XYQ)",
            "type": 3,
            "api": "csp_XYQBiu",
            "searchable": 0,
            "quickSearch": 0,
            "filterable": 0,
            "ext": "./XYQBiu/抓饭直播.json"
        },
        {
            "key": "csp_XYQBiu_斗鱼直播",
            "name": "🐠斗鱼直播(XYQ)",
            "type": 3,
            "api": "csp_XYQBiu",
            "searchable": 1,
            "quickSearch": 1,
            "filterable": 0,
            "ext": "./XYQBiu/斗鱼直播.json"
        },
        {
            "key": "push_agent",
            "name": "📽推送",
            "type": 3,
            "api": "csp_PushAgent",
            "searchable": 0,
            "quickSearch": 0,
            "filterable": 0,
            "ext": "clan://XYQTVBox/alitoken.txt",
            "jar": "clan://XYQTVBox/custom_spider.jar"
        }
    ],
    "parses": [
        {
            "name": "解析聚合",
            "type": 3,
            "url": "Demo"
        },
        {
            "name": "Json并发",
            "type": 2,
            "url": "Parallel"
        },
        {
            "name": "Json轮询",
            "type": 2,
            "url": "Sequence"
        },
        {
            "name": "1-看看",
            "type": 0,
            "url": "https://jx.m3u8.pw/?url="
        },
        {
            "name": "2-虾米",
            "type": 0,
            "url": "https://jx.xmflv.com/?url="
        },
        {
            "name": "3-麒麟",
            "type": 0,
            "url": "https://www.cygqw.com/jiexi/jiekou-2/?url="
        },
        {
            "name": "4-parwix1",
            "type": 0,
            "url": "https://jx.bozrc.com:4433/player/?url=",
            "ext": {
                "flag": [
                    "qq",
                    "腾讯",
                    "qiyi",
                    "爱奇艺",
                    "奇艺",
                    "youku",
                    "优酷",
                    "mgtv",
                    "芒果",
                    "letv",
                    "乐视",
                    "pptv",
                    "PPTV",
                    "sohu",
                    "bilibili",
                    "哔哩哔哩",
                    "哔哩"
                ]
            }
        },
        {
            "name": "5-OK解析",
            "type": 0,
            "url": "http://okjx.cc/?url=",
            "ext": {
                "flag": [
                    "qq",
                    "腾讯",
                    "qiyi",
                    "爱奇艺",
                    "奇艺",
                    "youku",
                    "优酷",
                    "mgtv",
                    "芒果",
                    "letv",
                    "乐视",
                    "pptv",
                    "PPTV",
                    "sohu",
                    "bilibili",
                    "哔哩哔哩",
                    "哔哩"
                ]
            }
        },
        {
            "name": "6-m3u8tv",
            "type": 0,
            "url": "https://jx.m3u8.tv/jiexi/?url="
        },
        {
            "name": "7-m3u8tv",
            "type": 0,
            "url": "https://jx.yparse.com/index.php?url="
        }
    ],
    "flags": [
        "youku",
        "qq",
        "iqiyi",
        "qiyi",
        "letv",
        "sohu",
        "tudou",
        "pptv",
        "mgtv",
        "wasu",
        "bilibili",
        "renrenmi"
    ],
    "rules": [
        {
            "host": "www.iesdouyin.com",
            "rule": [
                "playwm/?video_id="
            ]
        },
        {
            "host": "v.douyin.com",
            "rule": [
                "playwm/?video_id="
            ]
        }
    ],
    "ijk": [
        {
            "group": "软解码",
            "options": [
                {
                    "category": 4,
                    "name": "opensles",
                    "value": "0"
                },
                {
                    "category": 4,
                    "name": "overlay-format",
                    "value": "842225234"
                },
                {
                    "category": 4,
                    "name": "framedrop",
                    "value": "1"
                },
                {
                    "category": 4,
                    "name": "soundtouch",
                    "value": "1"
                },
                {
                    "category": 4,
                    "name": "start-on-prepared",
                    "value": "1"
                },
                {
                    "category": 1,
                    "name": "http-detect-range-support",
                    "value": "0"
                },
                {
                    "category": 1,
                    "name": "fflags",
                    "value": "fastseek"
                },
                {
                    "category": 2,
                    "name": "skip_loop_filter",
                    "value": "48"
                },
                {
                    "category": 4,
                    "name": "reconnect",
                    "value": "1"
                },
                {
                    "category": 4,
                    "name": "enable-accurate-seek",
                    "value": "0"
                },
                {
                    "category": 4,
                    "name": "mediacodec",
                    "value": "0"
                },
                {
                    "category": 4,
                    "name": "mediacodec-auto-rotate",
                    "value": "0"
                },
                {
                    "category": 4,
                    "name": "mediacodec-handle-resolution-change",
                    "value": "0"
                },
                {
                    "category": 4,
                    "name": "mediacodec-hevc",
                    "value": "0"
                },
                {
                    "category": 1,
                    "name": "dns_cache_timeout",
                    "value": "600000000"
                }
            ]
        },
        {
            "group": "硬解码",
            "options": [
                {
                    "category": 4,
                    "name": "opensles",
                    "value": "0"
                },
                {
                    "category": 4,
                    "name": "overlay-format",
                    "value": "842225234"
                },
                {
                    "category": 4,
                    "name": "framedrop",
                    "value": "1"
                },
                {
                    "category": 4,
                    "name": "soundtouch",
                    "value": "1"
                },
                {
                    "category": 4,
                    "name": "start-on-prepared",
                    "value": "1"
                },
                {
                    "category": 1,
                    "name": "http-detect-range-support",
                    "value": "0"
                },
                {
                    "category": 1,
                    "name": "fflags",
                    "value": "fastseek"
                },
                {
                    "category": 2,
                    "name": "skip_loop_filter",
                    "value": "48"
                },
                {
                    "category": 4,
                    "name": "reconnect",
                    "value": "1"
                },
                {
                    "category": 4,
                    "name": "enable-accurate-seek",
                    "value": "0"
                },
                {
                    "category": 4,
                    "name": "mediacodec",
                    "value": "1"
                },
                {
                    "category": 4,
                    "name": "mediacodec-auto-rotate",
                    "value": "1"
                },
                {
                    "category": 4,
                    "name": "mediacodec-handle-resolution-change",
                    "value": "1"
                },
                {
                    "category": 4,
                    "name": "mediacodec-hevc",
                    "value": "1"
                },
                {
                    "category": 1,
                    "name": "dns_cache_timeout",
                    "value": "600000000"
                }
            ]
        }
    ],
    "ads": [
        "mimg.0c1q0l.cn",
        "z.yyxl.cc",
        "www.googletagmanager.com",
        "www.google-analytics.com",
        "mc.usihnbcq.cn",
        "mg.g1mm3d.cn",
        "mscs.svaeuzh.cn",
        "cnzz.hhttm.top",
        "tp.vinuxhome.com",
        "cnzz.mmstat.com",
        "www.baihuillq.com",
        "s23.cnzz.com",
        "z3.cnzz.com",
        "c.cnzz.com",
        "stj.v1vo.top",
        "z12.cnzz.com",
        "img.mosflower.cn",
        "tips.gamevvip.com",
        "ehwe.yhdtns.com",
        "xdn.cqqc3.com",
        "www.jixunkyy.cn",
        "sp.chemacid.cn",
        "hm.baidu.com",
        "s9.cnzz.com",
        "z6.cnzz.com",
        "um.cavuc.com",
        "mav.mavuz.com",
        "wofwk.aoidf3.com",
        "z5.cnzz.com",
        "xc.hubeijieshikj.cn",
        "tj.tianwenhu.com",
        "xg.gars57.cn",
        "k.jinxiuzhilv.com",
        "cdn.bootcss.com",
        "ppl.xunzhuo123.com",
        "xomk.jiangjunmh.top",
        "img.xunzhuo123.com",
        "z1.cnzz.com",
        "s13.cnzz.com",
        "xg.huataisangao.cn",
        "z7.cnzz.com",
        "xg.huataisangao.cn",
        "z2.cnzz.com",
        "s96.cnzz.com",
        "q11.cnzz.com",
        "thy.dacedsfa.cn",
        "xg.whsbpw.cn",
        "s19.cnzz.com",
        "z8.cnzz.com",
        "s4.cnzz.com",
        "f5w.as12df.top",
        "ae01.alicdn.com",
        "www.92424.cn",
        "k.wudejia.com",
        "vivovip.mmszxc.top",
        "qiu.xixiqiu.com",
        "cdnjs.hnfenxun.com",
        "cms.qdwght.com"
    ]
}